<?xml version="1.0" encoding="UTF-8"?>
<config xmlns="http://www.knime.org/2008/09/XMLConfig" xmlns:xsi="http://www.w3.org/2001/XMLSchema-instance" xsi:schemaLocation="http://www.knime.org/2008/09/XMLConfig http://www.knime.org/XMLConfig_2008_09.xsd" key="MiningSchema">
<config key="learning">
<entry key="array-size" type="xint" value="14"/>
<entry key="0" type="xstring" value="Stage"/>
<entry key="1" type="xstring" value="Luminal"/>
<entry key="2" type="xstring" value="Risk"/>
<entry key="3" type="xstring" value="Age"/>
<entry key="4" type="xstring" value="Menopause"/>
<entry key="5" type="xstring" value="MBNG"/>
<entry key="6" type="xstring" value="T"/>
<entry key="7" type="xstring" value="N"/>
<entry key="8" type="xstring" value="M"/>
<entry key="9" type="xstring" value="ER"/>
<entry key="10" type="xstring" value="PR"/>
<entry key="11" type="xstring" value="Her2"/>
<entry key="12" type="xstring" value="Ki67"/>
<entry key="13" type="xstring" value="Infiltration"/>
</config>
<config key="target">
<entry key="array-size" type="xint" value="1"/>
<entry key="0" type="xstring" value="Label"/>
</config>
</config>
